year,efficiency
2010, 27.940717628705148
2012, 22.04368174726989
2014, 15.023400936037442
2015, 12.917316692667708
2018, 5.803432137285491
2020, 4.212168486739469
2022, 3.369734789391576